"row_id","crop","class","rule","role","weight","our_reading","source","source_url","section_or_page","quote_or_numbers","reviewer","verdict","corrected_value","notes"
"wheat.BlackPoint.none","wheat","BlackPoint","NO RULE: The sources give only qualitative and contradictory weather (warm-wet, but also hot-dry) and no thresholds; the symptom forms on grain at filling/ripening, which a 14-day weather window cannot place.","","","","Black Point of Wheat","https://cropprotectionnetwork.org/encyclopedia/black-point-of-wheat","main text","Warm, wet weather during filling and ripening (FGS 10.5) typically favors infection, but black point can also be prevalent if weather is hot and dry.","","","",""
"wheat.FusariumFootRot.none","wheat","FusariumFootRot","NO RULE: The only numbers (20-30 °C soil) are for soil at sowing, which the snapshot does not have; the rest is qualitative ('dry weather typically favors').","","","","Fusarium Root, Crown, and Foot Rot of Wheat","https://cropprotectionnetwork.org/encyclopedia/fusarium-root-crown-and-foot-rot-of-wheat","main text","Seedling blight is favored when seed is sown into dry, warm (68-86°F) soil. Dry weather typically favors Fusarium root, crown, and foot rot, but infection can occur under a wide range of environmental conditions.","","","",""
"wheat.LeafBlight.1","wheat","LeafBlight","mean daily temperature between 18–32 °C, last 7 days","favourable","1","","Chowdhury AK, Singh G, Tyagi BS, Ojha A, Dhar T, Bhattacharya PM (2013). Spot blotch disease of wheat – a new thrust area for sustaining productivity. Journal of Wheat Research 5(2). doi:10.25174/3pfz0r92","https://epubs.icar.org.in/index.php/JWR/article/download/36730/16366/84384","p. 1 abstract; p. 3 Epidemiology","Ideal conditions … relative humidity of near 95 per cent … and long periods (more than 12 to 18 hours) of leafs wetness (p. 1). Moderate to warm temperature range (18˚C to 32˚C) favours the growth of B. sorokiniana (p. 3).","","","",""
"wheat.LeafBlight.2","wheat","LeafBlight","days with >= 12 h at RH >= 90% >= 1 days, last 7 days","favourable","2","The source's 'more than 12 to 18 hours of leaf wetness' is read as at least one day with 12 h at RH >= 90% in the last 7 days.","Chowdhury AK, Singh G, Tyagi BS, Ojha A, Dhar T, Bhattacharya PM (2013). Spot blotch disease of wheat – a new thrust area for sustaining productivity. Journal of Wheat Research 5(2). doi:10.25174/3pfz0r92","https://epubs.icar.org.in/index.php/JWR/article/download/36730/16366/84384","p. 1 abstract; p. 3 Epidemiology","Ideal conditions … relative humidity of near 95 per cent … and long periods (more than 12 to 18 hours) of leafs wetness (p. 1). Moderate to warm temperature range (18˚C to 32˚C) favours the growth of B. sorokiniana (p. 3).","","","",""
"wheat.WheatBlast.1","wheat","WheatBlast","mean daily temperature between 10–32 °C, last 7 days","favourable","1","Tmin and Tmax for infection (hourly in the model) applied to the daily mean.","Montes C, Hussain SG, Krupnik TJ (2022). Variable climate suitability for wheat blast (Magnaporthe oryzae pathotype Triticum) in Asia. International Journal of Biometeorology 66:2237-2249. doi:10.1007/s00484-022-02352-9","https://pmc.ncbi.nlm.nih.gov/articles/PMC9640415/","Methods, infection model (parameters from Cruz et al. 2016)","T min = 10 °C, T max = 32 °C, and T opt = 27.5 °C … WD min and WD max (hours), taken as 12 and 24, respectively … the minimum and maximum leaf wetness duration requirement for infection","","","",""
"wheat.WheatBlast.2","wheat","WheatBlast","days with >= 12 h at RH >= 90% >= 1 days, last 7 days","favourable","2","","Montes C, Hussain SG, Krupnik TJ (2022). Variable climate suitability for wheat blast (Magnaporthe oryzae pathotype Triticum) in Asia. International Journal of Biometeorology 66:2237-2249. doi:10.1007/s00484-022-02352-9","https://pmc.ncbi.nlm.nih.gov/articles/PMC9640415/","Methods, infection model (parameters from Cruz et al. 2016)","T min = 10 °C, T max = 32 °C, and T opt = 27.5 °C … WD min and WD max (hours), taken as 12 and 24, respectively … the minimum and maximum leaf wetness duration requirement for infection","","","",""
"rice.Bacterialblight.1","rice","Bacterialblight","mean daily temperature between 25–34 °C, last 7 days","favourable","1","","Bacterial blight (fact sheet)","http://www.knowledgebank.irri.org/training/fact-sheets/pest-management/diseases/item/bacterial-blight","Why and where it occurs","In general, the disease favors temperatures at 25−34°C, with relative humidity above 70%. … Bacterial blight can be severe in susceptible rice varieties under high nitrogen fertilization.","","","",""
"rice.Bacterialblight.2","rice","Bacterialblight","mean relative humidity > 70 %, last 7 days","favourable","1","","Bacterial blight (fact sheet)","http://www.knowledgebank.irri.org/training/fact-sheets/pest-management/diseases/item/bacterial-blight","Why and where it occurs","In general, the disease favors temperatures at 25−34°C, with relative humidity above 70%. … Bacterial blight can be severe in susceptible rice varieties under high nitrogen fertilization.","","","",""
"rice.Blast.none","rice","Blast","uses the published model diseaseRisk:yoshino (docs/DISEASE_RISK.md)","","","","Yoshino (1979) infection hours as published in Katsantonis et al. (2017), with Padmanabhan (1965) as supporting evidence","docs/DISEASE_RISK.md#rice-blast-magnaporthe-oryzae","Rice blast","5-day mean 20–25 °C, rain < 4 mm/h, wet run >= base wet hours + 4 h; daily infection hours < 3 low, 3–5 medium, >= 6 high","","","",""
"rice.Brownspot.1","rice","Brownspot","mean relative humidity between 86–100 %, last 7 days","favourable","1","","Brown spot (fact sheet)","http://www.knowledgebank.irri.org/training/fact-sheets/pest-management/diseases/item/brown-spot","Why and where it occurs","The disease can develop in areas with high relative humidity (86−100%) and temperature between 16 and 36°C. It is common in unflooded and nutrient-deficient soils","","","",""
"rice.Brownspot.2","rice","Brownspot","mean daily temperature between 16–36 °C, last 7 days","favourable","1","","Brown spot (fact sheet)","http://www.knowledgebank.irri.org/training/fact-sheets/pest-management/diseases/item/brown-spot","Why and where it occurs","The disease can develop in areas with high relative humidity (86−100%) and temperature between 16 and 36°C. It is common in unflooded and nutrient-deficient soils","","","",""
"rice.Tungro.none","rice","Tungro","NO RULE: Vector-borne virus: the source gives no weather or soil threshold for the disease itself.","","","","Tungro (fact sheet)","http://www.knowledgebank.irri.org/training/fact-sheets/pest-management/diseases/item/tungro","What it does; Why and where it occurs","Rice tungro disease is caused by the combination of two viruses, which are transmitted by leafhoppers.","","","",""
"sugarcane.Banded_Chlorosis.1","sugarcane","Banded_Chlorosis","coldest daily mean temperature <= 7 °C, last 14 days","favourable","1","The reported 2.7–7 °C daily means are read as at least one day with a mean of 7 °C or less; 14 days because the bands show weeks after the cold (Texas handbook).","Singh SP, Vishwakarma SK, Singh SP, Singh A, Sharma BL (2017). Novel report of banded chlorosis in commercial sugarcane cultivars from sub-tropical India. Int J Curr Microbiol App Sci 6(4). doi:10.20546/ijcmas.2017.604.044","http://www.ijcmas.com/abstractview.php?ID=1933&vol=6-4-2017&SNo=44","Abstract","The symptoms were highly appeared at the average temperature of 5.25 0 C with the range from 2.7 to 7 0 C in last week of January, 2016.","","","",""
"sugarcane.BrownRust.1","sugarcane","BrownRust","mean daily minimum temperature between 16.7–22.2 °C, last 14 days","favourable","1","'Night temperature' is read as the daily minimum.","Sanjel S, Chaulagain B, Small IM, Comstock JC, Hincapie M, Raid RN, Rott P (2019). Comparison of progress of brown rust and orange rust and conditions conducive for severe epidemic development during the sugarcane crop season in Florida. Plant Disease 103:825-831. doi:10.1094/PDIS-05-18-0862-RE","https://doi.org/10.1094/PDIS-05-18-0862-RE","Abstract","Maximum disease severity was correlated with the number of hours at night with an average temperature of 20 to 22.2°C … Epidemics of brown rust began at lower night temperatures (16.7 to 22.2°C)","","","",""
"sugarcane.Brown_Spot.none","sugarcane","Brown_Spot","NO RULE: No field weather threshold found (only 'seasonal' and 'high humidity areas'; the one number found is an in-vitro growth optimum of 25 °C).","","","","Viswanathan R (2018). Changing scenario of sugarcane diseases in India since introduction of hybrid cane varieties: path travelled for a century. Journal of Sugarcane Research 8(1)","https://epubs.icar.org.in/index.php/JSR/article/view/88893","Abstract","foliar diseases such as rust, brown spot, eye spot, brown stripe, pokkah boeng etc were reported during different periods … the foliar diseases were seasonal in occurrence and mostly variety specific.","","","",""
"sugarcane.Dried_Leaves.none","sugarcane","Dried_Leaves","NO RULE: The dataset class is a symptom, not one cause, so no single rule applies.","","","","","","","","","","",""
"sugarcane.Grassy_shoot.none","sugarcane","Grassy_shoot","NO RULE: Phytoplasma spread by setts and vectors: no weather or soil threshold in the sources.","","","","Grassy shoot disease","https://agritech.tnau.ac.in/crop_protection/sugarcane_diseases/sugarcane_d8.html","Management","Treat the setts with aerated steam at 50°C for 1 hour to control primary infection … spraying twice a month with aphidicides","","","",""
"sugarcane.Pokkah_Boeng.1","sugarcane","Pokkah_Boeng","mean daily temperature between 20–32 °C, last 14 days","favourable","1","","Poorniammal R, Jernisha J, Prabhu S, Dufossé L (2024). Sugarcane Pokkah Boeng disease: insights and future directions for effective management. Life 14:1533. doi:10.3390/life14121533","https://pmc.ncbi.nlm.nih.gov/articles/PMC11677414/","2.3 Environmental factors","The disease was most severe when temperatures ranged from 20 °C to 32 °C, accompanied by high humidity levels of 70–80% and cloudy weather during the rainy season, particularly from July to September.","","","",""
"sugarcane.Pokkah_Boeng.2","sugarcane","Pokkah_Boeng","mean relative humidity >= 70 %, last 14 days","favourable","1","'70–80%' (most severe) and '79.0–85.5%' (incidence) are read as a lower bound of 70%.","Poorniammal R, Jernisha J, Prabhu S, Dufossé L (2024). Sugarcane Pokkah Boeng disease: insights and future directions for effective management. Life 14:1533. doi:10.3390/life14121533","https://pmc.ncbi.nlm.nih.gov/articles/PMC11677414/","2.3 Environmental factors","The disease was most severe when temperatures ranged from 20 °C to 32 °C, accompanied by high humidity levels of 70–80% and cloudy weather during the rainy season, particularly from July to September.","","","",""
"sugarcane.Sett_Rot.none","sugarcane","Sett_Rot","NO RULE: Only qualitative (drainage, planting depth in the monsoon); no threshold.","","","","Sett rot","https://agritech.tnau.ac.in/crop_protection/sugarcane_diseases/sugarcane_d7.html","Management strategies","Proper drainage and planting of setts in 1-2 cm depth … Avoid deep planting during monsoon season","","","",""
"sugarcane.Viral_Disease.none","sugarcane","Viral_Disease","NO RULE: Generic class without a named virus; viral diseases spread by setts and vectors, not by weather thresholds.","","","","","","","","","","",""
"sugarcane.Yellow_Leaf.none","sugarcane","Yellow_Leaf","NO RULE: Vector-borne virus: the source gives crop age, no weather or soil threshold.","","","","Yellow leaf disease","https://agritech.tnau.ac.in/crop_protection/sugarcane_diseases/sugarcane_d1.html","Symptoms","This disease affects the 5 to 6 months crop.","","","",""
"sugarcane.smut.1","sugarcane","smut","mean daily temperature between 25–30 °C, last 14 days","favourable","1","","Rajput MA, Rajput NA, Syed RN, Lodhi AM, Que Y (2021). Sugarcane smut: current knowledge and the way forward for management. Journal of Fungi 7:1095. doi:10.3390/jof7121095","https://pmc.ncbi.nlm.nih.gov/articles/PMC8703903/","2. Disease Biology","Temperature 25–30 °C and relative humidity 65–70% favor the disease development","","","",""
"sugarcane.smut.2","sugarcane","smut","mean relative humidity between 65–70 %, last 14 days","favourable","1","","Rajput MA, Rajput NA, Syed RN, Lodhi AM, Que Y (2021). Sugarcane smut: current knowledge and the way forward for management. Journal of Fungi 7:1095. doi:10.3390/jof7121095","https://pmc.ncbi.nlm.nih.gov/articles/PMC8703903/","2. Disease Biology","Temperature 25–30 °C and relative humidity 65–70% favor the disease development","","","",""
"potato.Early_blight.1","potato","Early_blight","mean daily temperature between 25–30 °C, last 7 days","favourable","1","","Early blight: Alternaria solani","https://agritech.tnau.ac.in/crop_protection/crop_prot_crop%20diseases_veg_potato_2.html","Epidemiology","Dry warm weather with intermittent rain. Poor vigor. Temperature: 25-30°C. Poorly manured crop.","","","",""
"potato.Late_blight.none","potato","Late_blight","uses the published model diseaseRisk:indoBlightcast (docs/DISEASE_RISK.md)","","","","INDO-BLIGHTCAST (Govindakrishnan et al. 2016, ICAR-CPRI), with Wallin/BLITECAST as supporting evidence","docs/DISEASE_RISK.md#potato-late-blight-phytophthora-infestans","Potato late blight","7-day sums above 52.5 P-days and 525 (night RH %) for 7 consecutive days = high; favourable today = medium","","","",""
"maize.Blight.1","maize","Blight","mean daily temperature between 15–30 °C, last 7 days","favourable","1","","Navarro BL, Campos RA, Gasparoto MCG, von Tiedemann A (2021). In vitro and in planta studies on temperature adaptation of Exserohilum turcicum isolates from maize in Europe and South America. Pathogens 10:154. doi:10.3390/pathogens10020154","https://pmc.ncbi.nlm.nih.gov/articles/PMC7913211/","1. Introduction","Infections occur from 15 to 30 °C, and the optimal temperature is 20 °C. A minimum dew period of 5 h is required for lesion formation.","","","",""
"maize.Blight.2","maize","Blight","days with >= 5 h at RH >= 90% >= 1 days, last 7 days","favourable","2","","Navarro BL, Campos RA, Gasparoto MCG, von Tiedemann A (2021). In vitro and in planta studies on temperature adaptation of Exserohilum turcicum isolates from maize in Europe and South America. Pathogens 10:154. doi:10.3390/pathogens10020154","https://pmc.ncbi.nlm.nih.gov/articles/PMC7913211/","1. Introduction","Infections occur from 15 to 30 °C, and the optimal temperature is 20 °C. A minimum dew period of 5 h is required for lesion formation.","","","",""
"maize.Common_Rust.1","maize","Common_Rust","mean daily temperature between 15–25 °C, last 7 days","favourable","1","","Common Rust: Puccinia sorghi","https://agritech.tnau.ac.in/crop_protection/maize_disease_new/maize_4.html","Favourable condition","Cool, warm and moist weather (15 - 25 o C)","","","",""
"maize.Gray_Leaf_Spot.1","maize","Gray_Leaf_Spot","mean daily temperature between 22–30 °C, last 7 days","favourable","1","","Nsibo DL, Barnes I, Berger DK (2024). Recent advances in the population biology and management of maize foliar fungal pathogens Exserohilum turcicum, Cercospora zeina and Bipolaris maydis in Africa. Frontiers in Plant Science 15:1404483. doi:10.3389/fpls.2024.1404483","https://pmc.ncbi.nlm.nih.gov/articles/PMC11324496/","Table 1 (optimal growth conditions, C. zeina column)","Temperature 22-30°C, relative humidity is > 90%","","","",""
"maize.Gray_Leaf_Spot.2","maize","Gray_Leaf_Spot","mean relative humidity > 90 %, last 7 days","favourable","1","","Nsibo DL, Barnes I, Berger DK (2024). Recent advances in the population biology and management of maize foliar fungal pathogens Exserohilum turcicum, Cercospora zeina and Bipolaris maydis in Africa. Frontiers in Plant Science 15:1404483. doi:10.3389/fpls.2024.1404483","https://pmc.ncbi.nlm.nih.gov/articles/PMC11324496/","Table 1 (optimal growth conditions, C. zeina column)","Temperature 22-30°C, relative humidity is > 90%","","","",""
"pigeonpea.Leaf_Spot.none","pigeonpea","Leaf_Spot","NO RULE: The handbook gives different conditions for three different leaf spots and the dataset class does not say which one it is. Needs the reviewer to name the pathogen.","","","","Reddy MV, Raju TN, Sharma SB, Nene YL, McDonald D (1993). Handbook of pigeonpea diseases. Information Bulletin no. 42","https://oar.icrisat.org/1245/1/HandbookOfPigeonpeaDiseases.pdf","Cercospora Leaf Spot (pdf p. 26); Phyllosticta Leaf Spot (pdf p. 30)","Cercospora: Cool temperatures (25°C) and humid weather favor the disease. Phyllosticta: Mean temperatures ranging from 20 to 30°C with a mean humidity range of 73-80% favor severe outbreaks.","","","",""
"pigeonpea.Leaf_webber.none","pigeonpea","Leaf_webber","NO RULE: Insect pest: studies report correlations with weekly weather, not thresholds.","","","","Approach to study of pigeonpea leaf webber [Grapholita critica (Meyr.)] damage dynamics and its relation to weather. Legume Research (2018). doi:10.18805/lr-3937","https://doi.org/10.18805/lr-3937","Abstract","damage … recorded on weekly basis between 32 and 42 standard meteorological weeks … description of relations of damage with crop age and weather variables","","","",""
"pigeonpea.Sterilic_mosaic.none","pigeonpea","Sterilic_mosaic","NO RULE: Mite-borne virus; the source describes symptom expression by season, not a threshold.","","","","Reddy MV et al. (1993). Handbook of pigeonpea diseases. Information Bulletin no. 42","https://oar.icrisat.org/1245/1/HandbookOfPigeonpeaDiseases.pdf","Sterility Mosaic (pdf p. 36)","Symptoms are suppressed during the hot summer months but with monsoon rains they reappear on the new growth.","","","",""
"groundnut.Alternaria_Leaf_Spot.none","groundnut","Alternaria_Leaf_Spot","NO RULE: No source with a weather threshold was found (searched ICRISAT OAR, Crossref, Europe PMC on 2026-09-27: only screening, fungicide and in-vitro studies).","","","","","","","","","","",""
"groundnut.Leaf_Spot.1","groundnut","Leaf_Spot","mean daily temperature < 30 °C, last 7 days","favourable","1","","Pande S, Rajesh TR, Kishore GK (2004). Effect of temperature and leaf wetness period on the components of resistance to late leaf spot disease in groundnut. Plant Pathology Journal 20(1):67-74. doi:10.5423/PPJ.2004.20.1.067","https://www.koreascience.or.kr/article/JAKO200411922294447.page","Abstract","At temperatures ≥30°C, LLS development was insignificant. The overall severity of LLS increased with an increase in the leaf wetness period from 4 h to 12 h a day. Further increase of wetness period to 16 h resulted in a rapid increase in the severity.","","","",""
"groundnut.Leaf_Spot.2","groundnut","Leaf_Spot","days with >= 12 h at RH >= 90% >= 1 days, last 7 days","favourable","2","","Pande S, Rajesh TR, Kishore GK (2004). Effect of temperature and leaf wetness period on the components of resistance to late leaf spot disease in groundnut. Plant Pathology Journal 20(1):67-74. doi:10.5423/PPJ.2004.20.1.067","https://www.koreascience.or.kr/article/JAKO200411922294447.page","Abstract","At temperatures ≥30°C, LLS development was insignificant. The overall severity of LLS increased with an increase in the leaf wetness period from 4 h to 12 h a day. Further increase of wetness period to 16 h resulted in a rapid increase in the severity.","","","",""
"groundnut.Nutrition_Deficiency.N","groundnut","Nutrition_Deficiency","Soil Health Card available N < 280 kg/ha","favourable","1","","Methods Manual: Soil Testing in India (January 2011)","https://biharsoilhealth.in/documents/manualgoi.pdf","Table 1 Soil Fertility Ratings (pdf p. 34); Table 6 critical levels in soil (pdf p. 40)","Low: organic carbon < 0.5%; available N < 280 kg/ha; available P (Olsen, alkaline soil) < 10 kg/ha; available K < 108 kg/ha. Critical level in soil: sulphur 10 ppm; zinc (DTPA) 0.6 (0.4–1.2) ppm; iron (DTPA) 2.5–4.5 ppm.","","","",""
"groundnut.Nutrition_Deficiency.P","groundnut","Nutrition_Deficiency","Soil Health Card available P < 10 kg/ha","favourable","1","The manual's Olsen limit is for alkaline soils.","Methods Manual: Soil Testing in India (January 2011)","https://biharsoilhealth.in/documents/manualgoi.pdf","Table 1 Soil Fertility Ratings (pdf p. 34); Table 6 critical levels in soil (pdf p. 40)","Low: organic carbon < 0.5%; available N < 280 kg/ha; available P (Olsen, alkaline soil) < 10 kg/ha; available K < 108 kg/ha. Critical level in soil: sulphur 10 ppm; zinc (DTPA) 0.6 (0.4–1.2) ppm; iron (DTPA) 2.5–4.5 ppm.","","","",""
"groundnut.Nutrition_Deficiency.K","groundnut","Nutrition_Deficiency","Soil Health Card available K < 108 kg/ha","favourable","1","","Methods Manual: Soil Testing in India (January 2011)","https://biharsoilhealth.in/documents/manualgoi.pdf","Table 1 Soil Fertility Ratings (pdf p. 34); Table 6 critical levels in soil (pdf p. 40)","Low: organic carbon < 0.5%; available N < 280 kg/ha; available P (Olsen, alkaline soil) < 10 kg/ha; available K < 108 kg/ha. Critical level in soil: sulphur 10 ppm; zinc (DTPA) 0.6 (0.4–1.2) ppm; iron (DTPA) 2.5–4.5 ppm.","","","",""
"groundnut.Nutrition_Deficiency.OC","groundnut","Nutrition_Deficiency","Soil Health Card organic carbon < 0.5 %","favourable","1","","Methods Manual: Soil Testing in India (January 2011)","https://biharsoilhealth.in/documents/manualgoi.pdf","Table 1 Soil Fertility Ratings (pdf p. 34); Table 6 critical levels in soil (pdf p. 40)","Low: organic carbon < 0.5%; available N < 280 kg/ha; available P (Olsen, alkaline soil) < 10 kg/ha; available K < 108 kg/ha. Critical level in soil: sulphur 10 ppm; zinc (DTPA) 0.6 (0.4–1.2) ppm; iron (DTPA) 2.5–4.5 ppm.","","","",""
"groundnut.Nutrition_Deficiency.Zn","groundnut","Nutrition_Deficiency","Soil Health Card zinc < 0.6 ppm","favourable","1","","Methods Manual: Soil Testing in India (January 2011)","https://biharsoilhealth.in/documents/manualgoi.pdf","Table 1 Soil Fertility Ratings (pdf p. 34); Table 6 critical levels in soil (pdf p. 40)","Low: organic carbon < 0.5%; available N < 280 kg/ha; available P (Olsen, alkaline soil) < 10 kg/ha; available K < 108 kg/ha. Critical level in soil: sulphur 10 ppm; zinc (DTPA) 0.6 (0.4–1.2) ppm; iron (DTPA) 2.5–4.5 ppm.","","","",""
"groundnut.Nutrition_Deficiency.Fe","groundnut","Nutrition_Deficiency","Soil Health Card iron < 4.5 ppm","favourable","1","The manual gives a critical range of 2.5–4.5 ppm; the upper end is used.","Methods Manual: Soil Testing in India (January 2011)","https://biharsoilhealth.in/documents/manualgoi.pdf","Table 1 Soil Fertility Ratings (pdf p. 34); Table 6 critical levels in soil (pdf p. 40)","Low: organic carbon < 0.5%; available N < 280 kg/ha; available P (Olsen, alkaline soil) < 10 kg/ha; available K < 108 kg/ha. Critical level in soil: sulphur 10 ppm; zinc (DTPA) 0.6 (0.4–1.2) ppm; iron (DTPA) 2.5–4.5 ppm.","","","",""
"groundnut.Nutrition_Deficiency.S","groundnut","Nutrition_Deficiency","Soil Health Card sulphur < 10 ppm","favourable","1","","Methods Manual: Soil Testing in India (January 2011)","https://biharsoilhealth.in/documents/manualgoi.pdf","Table 1 Soil Fertility Ratings (pdf p. 34); Table 6 critical levels in soil (pdf p. 40)","Low: organic carbon < 0.5%; available N < 280 kg/ha; available P (Olsen, alkaline soil) < 10 kg/ha; available K < 108 kg/ha. Critical level in soil: sulphur 10 ppm; zinc (DTPA) 0.6 (0.4–1.2) ppm; iron (DTPA) 2.5–4.5 ppm.","","","",""
"groundnut.Rosette.none","groundnut","Rosette","NO RULE: Aphid-borne virus complex: no weather or soil threshold for the disease itself was found.","","","","","","","","","","",""
"groundnut.Rust.1","groundnut","Rust","mean daily temperature between 8–30 °C, last 7 days","favourable","1","","Butler DR, Jadhav DR (1991). Requirements of leaf wetness and temperature for infection of groundnut by rust. Plant Pathology 40(3):395-400","https://oar.icrisat.org/1467/","Abstract","The value of m decreased linearly from 6 h, as temp. increased from 15 to 25°C … Dmax increased with temp. from zero at 8° to a max. at 22°, and decreased to zero again at c. 30°.","","","",""
"groundnut.Rust.2","groundnut","Rust","days with >= 6 h at RH >= 90% >= 1 days, last 7 days","favourable","2","The minimum wetness falls from 6 h at 15 °C as temperature rises; 6 h is used as the conservative value.","Butler DR, Jadhav DR (1991). Requirements of leaf wetness and temperature for infection of groundnut by rust. Plant Pathology 40(3):395-400","https://oar.icrisat.org/1467/","Abstract","The value of m decreased linearly from 6 h, as temp. increased from 15 to 25°C … Dmax increased with temp. from zero at 8° to a max. at 22°, and decreased to zero again at c. 30°.","","","",""
"blackgram.Anthracnose.1","blackgram","Anthracnose","mean daily temperature between 15–20 °C, last 7 days","favourable","1","","Anthracnose: Colletotrichum lindemuthianum","https://agritech.tnau.ac.in/crop_protection/black_gram_disease/blackgram_d1.html","Favourable conditions","Temperature : 15-20°C; Relative humidity : Above 90 per cent; Cloudy rainy weather","","","",""
"blackgram.Anthracnose.2","blackgram","Anthracnose","mean relative humidity > 90 %, last 7 days","favourable","1","","Anthracnose: Colletotrichum lindemuthianum","https://agritech.tnau.ac.in/crop_protection/black_gram_disease/blackgram_d1.html","Favourable conditions","Temperature : 15-20°C; Relative humidity : Above 90 per cent; Cloudy rainy weather","","","",""
"blackgram.Leaf_Crinkle.none","blackgram","Leaf_Crinkle","NO RULE: Only 'high temperature', without a number.","","","","Leaf Crinkle: Leaf Crinkle Virus","https://agritech.tnau.ac.in/crop_protection/black_gram_disease/blackgram_d9.html","Favourable conditions","Infects cowpea, mothbean and weed host. High temperature","","","",""
"blackgram.Powdery_Mildew.1","blackgram","Powdery_Mildew","mean daily temperature between 22–26 °C, last 7 days","favourable","1","","Powdery Mildew: Erysiphe polygoni","https://agritech.tnau.ac.in/crop_protection/black_gram_disease/blackgram_d4.html","Favourable conditions","Temperature: 22 to 26°C; Warm humid weather; Relative humidity: 80 – 88 %","","","",""
"blackgram.Powdery_Mildew.2","blackgram","Powdery_Mildew","mean relative humidity between 80–88 %, last 7 days","favourable","1","","Powdery Mildew: Erysiphe polygoni","https://agritech.tnau.ac.in/crop_protection/black_gram_disease/blackgram_d4.html","Favourable conditions","Temperature: 22 to 26°C; Warm humid weather; Relative humidity: 80 – 88 %","","","",""
"blackgram.Yellow_Mosaic.1","blackgram","Yellow_Mosaic","season in zaid season","favourable","1","'Summer sown crops' is read as a reference date in the summer (zaid) season; the app does not know the sowing date.","Yellow Mosaic: Mungbean Yellow Mosaic Virus","https://agritech.tnau.ac.in/crop_protection/black_gram_disease/blackgram_d8.html","Favourable conditions","Summer sown crops; Weed hosts viz., Croton sparsiflorus, Acalypha indica, Eclipta alba and Cosmos pinnatus and legume hosts","","","",""
"apple.Alternaria_Leaf_Blotch.1","apple","Alternaria_Leaf_Blotch","mean daily temperature between 25–31 °C, last 7 days","favourable","1","","Cabrefiga J, Salomon MV, Vilardell P (2022). Improvement of Alternaria leaf blotch and fruit spot of apple control through the management of primary inoculum. Microorganisms 11:101. doi:10.3390/microorganisms11010101","https://pmc.ncbi.nlm.nih.gov/articles/PMC9866788/","1. Introduction","The disease progresses rapidly in optimum temperatures ranging from 25 to 31 °C and 5.1 h of wetting and symptoms can start appearing two days after infection","","","",""
"apple.Alternaria_Leaf_Blotch.2","apple","Alternaria_Leaf_Blotch","days with >= 5.1 h at RH >= 90% >= 1 days, last 7 days","favourable","1","","Cabrefiga J, Salomon MV, Vilardell P (2022). Improvement of Alternaria leaf blotch and fruit spot of apple control through the management of primary inoculum. Microorganisms 11:101. doi:10.3390/microorganisms11010101","https://pmc.ncbi.nlm.nih.gov/articles/PMC9866788/","1. Introduction","The disease progresses rapidly in optimum temperatures ranging from 25 to 31 °C and 5.1 h of wetting and symptoms can start appearing two days after infection","","","",""
"apple.Mosaic.none","apple","Mosaic","NO RULE: Graft-transmitted virus: temperature affects virus titer and symptoms, not the chance of getting the disease; no threshold.","","","","Tissue and time optimization for real-time detection of apple mosaic virus and apple necrotic mosaic virus associated with mosaic disease of apple. Viruses 15(3):795 (2023). doi:10.3390/v15030795","https://doi.org/10.3390/v15030795","Abstract","Both viruses are unevenly distributed throughout the plant and their titer decreases variably with high temperatures","","","",""
"banana.Bract_Mosaic_Virus.none","banana","Bract_Mosaic_Virus","NO RULE: Spread by suckers and aphids: no weather or soil threshold in the source.","","","","Banana Bract Virus","https://agritech.tnau.ac.in/crop_protection/banana_diseases/crop_prot_crop%20diseases_fruits_banana_2.html","main text","The virus is transmitted through aphid vectors. The virus is primarily spread through infected suckers.","","","",""
"banana.Insect_Pest.none","banana","Insect_Pest","NO RULE: Generic class without a named pest.","","","","","","","","","","",""
"banana.Moko_Wilt.none","banana","Moko_Wilt","NO RULE: No source with a weather or soil threshold was found (spread is by tools, insects, water and planting material).","","","","","","","","","","",""
"banana.Panama_Wilt.1","banana","Panama_Wilt","soil pH < 5.5 pH","favourable","1","The paper finds disease rises as pH falls and calls pH < 5.5 'low'; it gives a correlation, not a disease threshold.","Jing T, Li K, Wang L, et al. (2025). Acidification and nutrient imbalances drive Fusarium wilt severity in banana (Musa spp.) grown on tropical latosols. Journal of Fungi 11:611. doi:10.3390/jof11090611","https://pmc.ncbi.nlm.nih.gov/articles/PMC12470300/","4.1 and 4.2","Our findings indicate a negative correlation between the soil pH and the Panama disease severity … the soils on Hainan Island (85%) had a low pH (< 5.5)","","","",""
"banana.Pestalotiopsis_Leaf_Spot.none","banana","Pestalotiopsis_Leaf_Spot","NO RULE: No source with a weather threshold for Pestalotiopsis on banana was found (Crossref and Europe PMC searched 2026-09-27).","","","","","","","","","","",""
"banana.Sigatoka_Leaf_Spot.1","banana","Sigatoka_Leaf_Spot","mean daily temperature between 16.6–30.3 °C, last 7 days","favourable","1","Cardinal temperatures of the black Sigatoka infection model applied to the daily mean.","Bebber DP (2019). Climate change effects on Black Sigatoka disease of banana. Philosophical Transactions of the Royal Society B 374:20180269. doi:10.1098/rstb.2018.0269","https://pmc.ncbi.nlm.nih.gov/articles/PMC6553611/","Results, figure 1","The cardinal temperatures are T min = 16.6, T opt = 27.2 and T max = 30.3°C … at T opt, a cohort of spores would reach 50% of maximum infection after around 26 h of moist conditions","","","",""
